time,atleta_id,sessao_id,pse,duracao_min,carga_total
2025-01-01 10:00:00,1,1,4.1,81,332.1
2025-01-01 10:00:00,2,1,5.9,72,424.8
2025-01-01 10:00:00,3,1,5.0,88,440.0
2025-01-01 10:00:00,4,1,6.0,64,384.0
2025-01-01 10:00:00,5,1,5.2,80,416.0
2025-01-01 10:00:00,6,1,6.8,104,707.2
2025-01-01 10:00:00,7,1,5.2,73,379.6
2025-01-01 10:00:00,8,1,6.3,80,504.0
2025-01-01 10:00:00,9,1,7.0,91,637.0
2025-01-01 10:00:00,10,1,7.8,82,639.6
2025-01-01 10:00:00,11,1,5.0,104,520.0
2025-01-01 10:00:00,12,1,4.9,98,480.2
2025-01-01 10:00:00,13,1,4.6,79,363.4
2025-01-01 10:00:00,14,1,4.5,86,387.0
2025-01-01 10:00:00,15,1,6.0,118,708.0
2025-01-01 10:00:00,16,1,5.8,120,696.0
2025-01-01 10:00:00,17,1,6.1,89,542.9
2025-01-01 10:00:00,18,1,7.4,69,510.6
2025-01-01 10:00:00,19,1,5.2,67,348.4
2025-01-01 10:00:00,20,1,4.3,85,365.5
2025-01-02 10:00:00,1,2,3.2,93,297.6
2025-01-02 10:00:00,2,2,3.3,93,306.9
2025-01-02 10:00:00,3,2,5.4,71,383.4
2025-01-02 10:00:00,4,2,4.8,93,446.4
2025-01-02 10:00:00,5,2,4.8,118,566.4
2025-01-02 10:00:00,6,2,7.5,78,585.0
2025-01-02 10:00:00,7,2,4.6,77,354.2
2025-01-02 10:00:00,8,2,5.7,112,638.4
2025-01-02 10:00:00,9,2,9.4,99,930.6
2025-01-02 10:00:00,10,2,6.4,89,569.6
2025-01-02 10:00:00,11,2,4.1,93,381.3
2025-01-02 10:00:00,12,2,6.3,98,617.4
2025-01-02 10:00:00,13,2,5.4,98,529.2
2025-01-02 10:00:00,14,2,4.4,101,444.4
2025-01-02 10:00:00,15,2,2.8,100,280.0
2025-01-02 10:00:00,16,2,4.7,100,470.0
2025-01-02 10:00:00,17,2,6.1,91,555.1
2025-01-02 10:00:00,18,2,4.5,103,463.5
2025-01-02 10:00:00,19,2,5.2,83,431.6
2025-01-02 10:00:00,20,2,6.8,105,714.0
2025-01-03 10:00:00,1,3,4.5,76,342.0
2025-01-03 10:00:00,2,3,6.6,69,455.4
2025-01-03 10:00:00,3,3,5.1,75,382.5
2025-01-03 10:00:00,4,3,6.1,100,610.0
2025-01-03 10:00:00,5,3,6.0,94,564.0
2025-01-03 10:00:00,6,3,5.3,83,439.9
2025-01-03 10:00:00,7,3,6.6,95,627.0
2025-01-03 10:00:00,8,3,5.0,82,410.0
2025-01-03 10:00:00,9,3,5.2,98,509.6
2025-01-03 10:00:00,10,3,8.0,90,720.0
2025-01-03 10:00:00,11,3,6.8,78,530.4
2025-01-03 10:00:00,12,3,6.2,99,613.8
2025-01-03 10:00:00,13,3,3.6,78,280.8
2025-01-03 10:00:00,14,3,5.1,82,418.2
2025-01-03 10:00:00,15,3,5.7,95,541.5
2025-01-03 10:00:00,16,3,6.8,88,598.4
2025-01-03 10:00:00,17,3,5.4,98,529.2
2025-01-03 10:00:00,18,3,5.8,90,522.0
2025-01-03 10:00:00,19,3,6.8,120,816.0
2025-01-03 10:00:00,20,3,3.4,81,275.4
2025-01-04 20:30:00,1,4,5.0,86,430.0
2025-01-04 20:30:00,2,4,7.3,99,722.7
2025-01-04 20:30:00,3,4,7.9,96,758.4
2025-01-04 20:30:00,4,4,6.2,87,539.4
2025-01-04 20:30:00,5,4,7.5,91,682.5
2025-01-04 20:30:00,6,4,8.6,86,739.6
2025-01-04 20:30:00,7,4,9.6,89,854.4
2025-01-04 20:30:00,8,4,8.4,81,680.4
2025-01-04 20:30:00,9,4,6.7,89,596.3
2025-01-04 20:30:00,10,4,6.9,90,621.0
2025-01-04 20:30:00,11,4,7.4,80,592.0
2025-01-04 20:30:00,12,4,6.6,93,613.8
2025-01-04 20:30:00,13,4,5.9,85,501.5
2025-01-04 20:30:00,14,4,6.9,84,579.6
2025-01-04 20:30:00,15,4,7.6,93,706.8
2025-01-04 20:30:00,16,4,7.1,97,688.7
2025-01-04 20:30:00,17,4,8.9,89,792.1
2025-01-04 20:30:00,18,4,6.0,91,546.0
2025-01-04 20:30:00,19,4,9.1,90,819.0
2025-01-04 20:30:00,20,4,5.7,89,507.3
2025-01-06 10:00:00,1,5,4.2,80,336.0
2025-01-06 10:00:00,2,5,4.3,77,331.1
2025-01-06 10:00:00,3,5,4.0,94,376.0
2025-01-06 10:00:00,4,5,6.1,75,457.5
2025-01-06 10:00:00,5,5,5.6,79,442.4
2025-01-06 10:00:00,6,5,6.6,65,429.0
2025-01-06 10:00:00,7,5,4.3,80,344.0
2025-01-06 10:00:00,8,5,5.0,84,420.0
2025-01-06 10:00:00,9,5,7.7,60,462.0
2025-01-06 10:00:00,10,5,6.5,88,572.0
2025-01-06 10:00:00,11,5,5.7,95,541.5
2025-01-06 10:00:00,12,5,5.0,84,420.0
2025-01-06 10:00:00,13,5,3.5,108,378.0
2025-01-06 10:00:00,14,5,5.1,115,586.5
2025-01-06 10:00:00,15,5,6.8,68,462.4
2025-01-06 10:00:00,16,5,5.9,94,554.6
2025-01-06 10:00:00,17,5,5.5,97,533.5
2025-01-06 10:00:00,18,5,6.7,82,549.4
2025-01-06 10:00:00,19,5,5.0,103,515.0
2025-01-06 10:00:00,20,5,3.2,112,358.4
2025-01-07 10:00:00,1,6,4.2,92,386.4
2025-01-07 10:00:00,2,6,7.5,110,825.0
2025-01-07 10:00:00,3,6,4.4,75,330.0
2025-01-07 10:00:00,4,6,5.0,84,420.0
2025-01-07 10:00:00,5,6,4.4,85,374.0
2025-01-07 10:00:00,6,6,2.3,89,204.7
2025-01-07 10:00:00,7,6,7.0,118,826.0
2025-01-07 10:00:00,8,6,5.9,90,531.0
2025-01-07 10:00:00,9,6,5.4,79,426.6
2025-01-07 10:00:00,10,6,4.9,113,553.7
2025-01-07 10:00:00,11,6,4.8,69,331.2
2025-01-07 10:00:00,12,6,4.4,116,510.4
2025-01-07 10:00:00,13,6,4.5,72,324.0
2025-01-07 10:00:00,14,6,4.2,107,449.4
2025-01-07 10:00:00,15,6,3.9,104,405.6
2025-01-07 10:00:00,16,6,3.4,99,336.6
2025-01-07 10:00:00,17,6,6.0,82,492.0
2025-01-07 10:00:00,18,6,5.2,89,462.8
2025-01-07 10:00:00,19,6,5.6,90,504.0
2025-01-07 10:00:00,20,6,5.7,64,364.8
2025-01-08 10:00:00,1,7,4.3,62,266.6
2025-01-08 10:00:00,2,7,5.0,79,395.0
2025-01-08 10:00:00,3,7,6.9,76,524.4
2025-01-08 10:00:00,4,7,5.6,92,515.2
2025-01-08 10:00:00,5,7,8.2,81,664.2
2025-01-08 10:00:00,6,7,6.3,66,415.8
2025-01-08 10:00:00,7,7,5.6,89,498.4
2025-01-08 10:00:00,8,7,6.1,70,427.0
2025-01-08 10:00:00,9,7,6.2,89,551.8
2025-01-08 10:00:00,10,7,4.6,106,487.6
2025-01-08 10:00:00,11,7,4.7,91,427.7
2025-01-08 10:00:00,12,7,7.0,77,539.0
2025-01-08 10:00:00,13,7,2.9,94,272.6
2025-01-08 10:00:00,14,7,7.3,85,620.5
2025-01-08 10:00:00,15,7,4.9,70,343.0
2025-01-08 10:00:00,16,7,8.0,75,600.0
2025-01-08 10:00:00,17,7,6.7,92,616.4
2025-01-08 10:00:00,18,7,4.6,82,377.2
2025-01-08 10:00:00,19,7,6.6,82,541.2
2025-01-08 10:00:00,20,7,4.4,84,369.6
2025-01-09 10:00:00,1,8,3.0,69,207.0
2025-01-09 10:00:00,2,8,5.7,108,615.6
2025-01-09 10:00:00,3,8,4.7,83,390.1
2025-01-09 10:00:00,4,8,6.5,118,767.0
2025-01-09 10:00:00,5,8,6.5,106,689.0
2025-01-09 10:00:00,6,8,7.4,78,577.2
2025-01-09 10:00:00,7,8,6.1,70,427.0
2025-01-09 10:00:00,8,8,6.5,120,780.0
2025-01-09 10:00:00,9,8,6.5,99,643.5
2025-01-09 10:00:00,10,8,5.8,93,539.4
2025-01-09 10:00:00,11,8,3.8,82,311.6
2025-01-09 10:00:00,12,8,7.2,89,640.8
2025-01-09 10:00:00,13,8,4.8,68,326.4
2025-01-09 10:00:00,14,8,4.8,82,393.6
2025-01-09 10:00:00,15,8,4.0,67,268.0
2025-01-09 10:00:00,16,8,4.2,112,470.4
2025-01-09 10:00:00,17,8,7.0,100,700.0
2025-01-09 10:00:00,18,8,4.7,117,549.9
2025-01-09 10:00:00,19,8,3.8,92,349.6
2025-01-09 10:00:00,20,8,4.0,60,240.0
2025-01-10 10:00:00,1,9,3.5,90,315.0
2025-01-10 10:00:00,2,9,6.5,103,669.5
2025-01-10 10:00:00,3,9,4.1,75,307.5
2025-01-10 10:00:00,4,9,7.2,104,748.8
2025-01-10 10:00:00,5,9,4.8,100,480.0
2025-01-10 10:00:00,6,9,8.1,93,753.3
2025-01-10 10:00:00,7,9,5.3,85,450.5
2025-01-10 10:00:00,8,9,8.0,97,776.0
2025-01-10 10:00:00,9,9,5.9,99,584.1
2025-01-10 10:00:00,10,9,5.0,114,570.0
2025-01-10 10:00:00,11,9,4.9,106,519.4
2025-01-10 10:00:00,12,9,5.5,103,566.5
2025-01-10 10:00:00,13,9,4.3,97,417.1
2025-01-10 10:00:00,14,9,5.8,84,487.2
2025-01-10 10:00:00,15,9,1.6,107,171.2
2025-01-10 10:00:00,16,9,5.2,95,494.0
2025-01-10 10:00:00,17,9,5.3,67,355.1
2025-01-10 10:00:00,18,9,5.2,120,624.0
2025-01-10 10:00:00,19,9,5.5,89,489.5
2025-01-10 10:00:00,20,9,5.3,60,318.0
2025-01-11 20:30:00,1,10,4.9,96,470.4
2025-01-11 20:30:00,2,10,6.9,91,627.9
2025-01-11 20:30:00,3,10,7.0,91,637.0
2025-01-11 20:30:00,4,10,8.6,96,825.6
2025-01-11 20:30:00,5,10,6.2,98,607.6
2025-01-11 20:30:00,6,10,8.6,92,791.2
2025-01-11 20:30:00,7,10,7.1,93,660.3
2025-01-11 20:30:00,8,10,7.4,90,666.0
2025-01-11 20:30:00,9,10,6.0,87,522.0
2025-01-11 20:30:00,10,10,8.4,88,739.2
2025-01-11 20:30:00,11,10,9.6,97,931.2
2025-01-11 20:30:00,12,10,8.2,94,770.8
2025-01-11 20:30:00,13,10,5.4,91,491.4
2025-01-11 20:30:00,14,10,5.7,89,507.3
2025-01-11 20:30:00,15,10,7.1,85,603.5
2025-01-11 20:30:00,16,10,6.7,95,636.5
2025-01-11 20:30:00,17,10,7.2,87,626.4
2025-01-11 20:30:00,18,10,6.2,92,570.4
2025-01-11 20:30:00,19,10,7.7,91,700.7
2025-01-11 20:30:00,20,10,5.4,99,534.6
2025-01-13 10:00:00,1,11,5.0,80,400.0
2025-01-13 10:00:00,2,11,3.7,120,444.0
2025-01-13 10:00:00,3,11,5.4,100,540.0
2025-01-13 10:00:00,4,11,6.5,120,780.0
2025-01-13 10:00:00,5,11,7.3,115,839.5
2025-01-13 10:00:00,6,11,6.4,114,729.6
2025-01-13 10:00:00,7,11,4.0,91,364.0
2025-01-13 10:00:00,8,11,3.6,96,345.6
2025-01-13 10:00:00,9,11,4.6,115,529.0
2025-01-13 10:00:00,10,11,6.8,76,516.8
2025-01-13 10:00:00,11,11,7.2,106,763.2
2025-01-13 10:00:00,12,11,8.3,96,796.8
2025-01-13 10:00:00,13,11,4.3,78,335.4
2025-01-13 10:00:00,14,11,2.6,98,254.8
2025-01-13 10:00:00,15,11,6.5,91,591.5
2025-01-13 10:00:00,16,11,7.0,86,602.0
2025-01-13 10:00:00,17,11,6.8,80,544.0
2025-01-13 10:00:00,18,11,5.9,90,531.0
2025-01-13 10:00:00,19,11,6.1,90,549.0
2025-01-13 10:00:00,20,11,5.0,98,490.0
2025-01-14 10:00:00,1,12,3.9,72,280.8
2025-01-14 10:00:00,2,12,4.9,85,416.5
2025-01-14 10:00:00,3,12,4.7,84,394.8
2025-01-14 10:00:00,4,12,5.9,68,401.2
2025-01-14 10:00:00,5,12,3.6,98,352.8
2025-01-14 10:00:00,6,12,3.9,93,362.7
2025-01-14 10:00:00,7,12,6.2,92,570.4
2025-01-14 10:00:00,8,12,5.2,77,400.4
2025-01-14 10:00:00,9,12,6.1,80,488.0
2025-01-14 10:00:00,10,12,5.5,117,643.5
2025-01-14 10:00:00,11,12,6.3,110,693.0
2025-01-14 10:00:00,12,12,7.8,92,717.6
2025-01-14 10:00:00,13,12,3.7,70,259.0
2025-01-14 10:00:00,14,12,6.5,101,656.5
2025-01-14 10:00:00,15,12,5.4,110,594.0
2025-01-14 10:00:00,16,12,6.3,94,592.2
2025-01-14 10:00:00,17,12,7.0,98,686.0
2025-01-14 10:00:00,18,12,7.9,73,576.7
2025-01-14 10:00:00,19,12,5.7,95,541.5
2025-01-14 10:00:00,20,12,4.8,114,547.2
2025-01-15 10:00:00,1,13,4.8,100,480.0
2025-01-15 10:00:00,2,13,4.8,99,475.2
2025-01-15 10:00:00,3,13,7.2,98,705.6
2025-01-15 10:00:00,4,13,5.3,72,381.6
2025-01-15 10:00:00,5,13,6.1,72,439.2
2025-01-15 10:00:00,6,13,7.2,81,583.2
2025-01-15 10:00:00,7,13,6.2,77,477.4
2025-01-15 10:00:00,8,13,7.2,84,604.8
2025-01-15 10:00:00,9,13,5.8,93,539.4
2025-01-15 10:00:00,10,13,5.2,120,624.0
2025-01-15 10:00:00,11,13,7.1,105,745.5
2025-01-15 10:00:00,12,13,6.2,82,508.4
2025-01-15 10:00:00,13,13,3.7,87,321.9
2025-01-15 10:00:00,14,13,3.5,87,304.5
2025-01-15 10:00:00,15,13,6.8,75,510.0
2025-01-15 10:00:00,16,13,5.9,106,625.4
2025-01-15 10:00:00,17,13,7.8,83,647.4
2025-01-15 10:00:00,18,13,5.1,66,336.6
2025-01-15 10:00:00,19,13,7.9,115,908.5
2025-01-15 10:00:00,20,13,5.7,108,615.6
2025-01-16 10:00:00,1,14,3.9,104,405.6
2025-01-16 10:00:00,2,14,2.6,103,267.8
2025-01-16 10:00:00,3,14,4.0,102,408.0
2025-01-16 10:00:00,4,14,3.3,107,353.1
2025-01-16 10:00:00,5,14,5.8,96,556.8
2025-01-16 10:00:00,6,14,5.7,84,478.8
2025-01-16 10:00:00,7,14,6.6,60,396.0
2025-01-16 10:00:00,8,14,5.4,111,599.4
2025-01-16 10:00:00,9,14,8.1,95,769.5
2025-01-16 10:00:00,10,14,5.9,67,395.3
2025-01-16 10:00:00,11,14,4.9,84,411.6
2025-01-16 10:00:00,12,14,7.6,106,805.6
2025-01-16 10:00:00,13,14,5.2,91,473.2
2025-01-16 10:00:00,14,14,4.3,84,361.2
2025-01-16 10:00:00,15,14,7.3,89,649.7
2025-01-16 10:00:00,16,14,7.4,120,888.0
2025-01-16 10:00:00,17,14,6.1,93,567.3
2025-01-16 10:00:00,18,14,3.3,81,267.3
2025-01-16 10:00:00,19,14,5.6,75,420.0
2025-01-16 10:00:00,20,14,5.8,98,568.4
2025-01-17 10:00:00,1,15,3.3,84,277.2
2025-01-17 10:00:00,2,15,6.1,84,512.4
2025-01-17 10:00:00,3,15,6.3,83,522.9
2025-01-17 10:00:00,4,15,6.6,70,462.0
2025-01-17 10:00:00,5,15,5.9,95,560.5
2025-01-17 10:00:00,6,15,6.6,118,778.8
2025-01-17 10:00:00,7,15,4.5,107,481.5
2025-01-17 10:00:00,8,15,6.4,93,595.2
2025-01-17 10:00:00,9,15,7.2,76,547.2
2025-01-17 10:00:00,10,15,5.5,102,561.0
2025-01-17 10:00:00,11,15,4.7,102,479.4
2025-01-17 10:00:00,12,15,5.4,87,469.8
2025-01-17 10:00:00,13,15,4.9,76,372.4
2025-01-17 10:00:00,14,15,1.8,100,180.0
2025-01-17 10:00:00,15,15,3.7,98,362.6
2025-01-17 10:00:00,16,15,7.9,101,797.9
2025-01-17 10:00:00,17,15,3.7,86,318.2
2025-01-17 10:00:00,18,15,5.4,115,621.0
2025-01-17 10:00:00,19,15,5.6,79,442.4
2025-01-17 10:00:00,20,15,3.0,89,267.0
2025-01-18 20:30:00,1,16,5.2,92,478.4
2025-01-18 20:30:00,2,16,6.8,86,584.8
2025-01-18 20:30:00,3,16,6.3,86,541.8
2025-01-18 20:30:00,4,16,6.1,82,500.2
2025-01-18 20:30:00,5,16,8.2,82,672.4
2025-01-18 20:30:00,6,16,8.0,91,728.0
2025-01-18 20:30:00,7,16,8.4,89,747.6
2025-01-18 20:30:00,8,16,7.7,90,693.0
2025-01-18 20:30:00,9,16,7.8,91,709.8
2025-01-18 20:30:00,10,16,9.2,91,837.2
2025-01-18 20:30:00,11,16,7.5,90,675.0
2025-01-18 20:30:00,12,16,8.0,85,680.0
2025-01-18 20:30:00,13,16,4.9,95,465.5
2025-01-18 20:30:00,14,16,7.9,87,687.3
2025-01-18 20:30:00,15,16,7.6,94,714.4
2025-01-18 20:30:00,16,16,6.6,88,580.8
2025-01-18 20:30:00,17,16,9.4,87,817.8
2025-01-18 20:30:00,18,16,6.5,87,565.5
2025-01-18 20:30:00,19,16,7.9,93,734.7
2025-01-18 20:30:00,20,16,6.4,89,569.6
2025-01-20 10:00:00,1,17,3.5,100,350.0
2025-01-20 10:00:00,2,17,6.2,96,595.2
2025-01-20 10:00:00,3,17,5.1,66,336.6
2025-01-20 10:00:00,4,17,5.7,98,558.6
2025-01-20 10:00:00,5,17,4.7,78,366.6
2025-01-20 10:00:00,6,17,5.0,94,470.0
2025-01-20 10:00:00,7,17,8.4,72,604.8
2025-01-20 10:00:00,8,17,6.0,88,528.0
2025-01-20 10:00:00,9,17,6.1,95,579.5
2025-01-20 10:00:00,10,17,6.6,85,561.0
2025-01-20 10:00:00,11,17,5.0,96,480.0
2025-01-20 10:00:00,12,17,4.2,80,336.0
2025-01-20 10:00:00,13,17,5.9,60,354.0
2025-01-20 10:00:00,14,17,5.7,100,570.0
2025-01-20 10:00:00,15,17,6.0,99,594.0
2025-01-20 10:00:00,16,17,7.0,104,728.0
2025-01-20 10:00:00,17,17,6.2,75,465.0
2025-01-20 10:00:00,18,17,6.2,98,607.6
2025-01-20 10:00:00,19,17,7.0,95,665.0
2025-01-20 10:00:00,20,17,4.9,77,377.3
2025-01-21 10:00:00,1,18,3.7,62,229.4
2025-01-21 10:00:00,2,18,3.0,79,237.0
2025-01-21 10:00:00,3,18,2.4,100,240.0
2025-01-21 10:00:00,4,18,2.5,93,232.5
2025-01-21 10:00:00,5,18,4.5,97,436.5
2025-01-21 10:00:00,6,18,5.5,63,346.5
2025-01-21 10:00:00,7,18,7.2,90,648.0
2025-01-21 10:00:00,8,18,4.5,85,382.5
2025-01-21 10:00:00,9,18,6.3,103,648.9
2025-01-21 10:00:00,10,18,6.6,88,580.8
2025-01-21 10:00:00,11,18,7.0,104,728.0
2025-01-21 10:00:00,12,18,5.4,93,502.2
2025-01-21 10:00:00,13,18,3.9,99,386.1
2025-01-21 10:00:00,14,18,3.2,60,192.0
2025-01-21 10:00:00,15,18,4.0,82,328.0
2025-01-21 10:00:00,16,18,6.9,73,503.7
2025-01-21 10:00:00,17,18,6.9,96,662.4
2025-01-21 10:00:00,18,18,4.1,107,438.7
2025-01-21 10:00:00,19,18,6.5,82,533.0
2025-01-21 10:00:00,20,18,3.9,75,292.5
2025-01-22 10:00:00,1,19,3.9,120,468.0
2025-01-22 10:00:00,2,19,4.9,86,421.4
2025-01-22 10:00:00,3,19,5.7,97,552.9
2025-01-22 10:00:00,4,19,6.2,99,613.8
2025-01-22 10:00:00,5,19,5.3,92,487.6
2025-01-22 10:00:00,6,19,4.3,68,292.4
2025-01-22 10:00:00,7,19,7.4,66,488.4
2025-01-22 10:00:00,8,19,5.4,93,502.2
2025-01-22 10:00:00,9,19,6.9,73,503.7
2025-01-22 10:00:00,10,19,4.9,71,347.9
2025-01-22 10:00:00,11,19,6.3,77,485.1
2025-01-22 10:00:00,12,19,4.2,93,390.6
2025-01-22 10:00:00,13,19,3.7,87,321.9
2025-01-22 10:00:00,14,19,4.1,111,455.1
2025-01-22 10:00:00,15,19,7.3,69,503.7
2025-01-22 10:00:00,16,19,4.8,99,475.2
2025-01-22 10:00:00,17,19,5.2,96,499.2
2025-01-22 10:00:00,18,19,5.3,97,514.1
2025-01-22 10:00:00,19,19,6.5,112,728.0
2025-01-22 10:00:00,20,19,5.8,83,481.4
2025-01-23 10:00:00,1,20,3.4,85,289.0
2025-01-23 10:00:00,2,20,5.9,81,477.9
2025-01-23 10:00:00,3,20,6.3,80,504.0
2025-01-23 10:00:00,4,20,5.4,76,410.4
2025-01-23 10:00:00,5,20,3.7,114,421.8
2025-01-23 10:00:00,6,20,5.2,113,587.6
2025-01-23 10:00:00,7,20,5.3,60,318.0
2025-01-23 10:00:00,8,20,6.1,108,658.8
2025-01-23 10:00:00,9,20,6.4,82,524.8
2025-01-23 10:00:00,10,20,4.8,74,355.2
2025-01-23 10:00:00,11,20,4.3,100,430.0
2025-01-23 10:00:00,12,20,5.2,97,504.4
2025-01-23 10:00:00,13,20,4.1,81,332.1
2025-01-23 10:00:00,14,20,4.2,98,411.6
2025-01-23 10:00:00,15,20,6.7,100,670.0
2025-01-23 10:00:00,16,20,8.5,120,1020.0
2025-01-23 10:00:00,17,20,6.1,98,597.8
2025-01-23 10:00:00,18,20,6.6,96,633.6
2025-01-23 10:00:00,19,20,7.3,97,708.1
2025-01-23 10:00:00,20,20,4.6,100,460.0
2025-01-24 10:00:00,1,21,3.7,67,247.9
2025-01-24 10:00:00,2,21,5.2,80,416.0
2025-01-24 10:00:00,3,21,5.9,83,489.7
2025-01-24 10:00:00,4,21,6.7,84,562.8
2025-01-24 10:00:00,5,21,5.9,84,495.6
2025-01-24 10:00:00,6,21,3.7,107,395.9
2025-01-24 10:00:00,7,21,7.2,88,633.6
2025-01-24 10:00:00,8,21,5.2,70,364.0
2025-01-24 10:00:00,9,21,6.1,76,463.6
2025-01-24 10:00:00,10,21,6.0,76,456.0
2025-01-24 10:00:00,11,21,4.3,89,382.7
2025-01-24 10:00:00,12,21,4.5,93,418.5
2025-01-24 10:00:00,13,21,4.2,102,428.4
2025-01-24 10:00:00,14,21,5.5,113,621.5
2025-01-24 10:00:00,15,21,4.5,105,472.5
2025-01-24 10:00:00,16,21,6.6,95,627.0
2025-01-24 10:00:00,17,21,6.1,67,408.7
2025-01-24 10:00:00,18,21,6.2,75,465.0
2025-01-24 10:00:00,19,21,6.3,83,522.9
2025-01-24 10:00:00,20,21,6.5,111,721.5
2025-01-25 20:30:00,1,22,4.9,86,421.4
2025-01-25 20:30:00,2,22,6.1,86,524.6
2025-01-25 20:30:00,3,22,7.1,92,653.2
2025-01-25 20:30:00,4,22,7.7,94,723.8
2025-01-25 20:30:00,5,22,7.5,93,697.5
2025-01-25 20:30:00,6,22,8.1,94,761.4
2025-01-25 20:30:00,7,22,9.3,83,771.9
2025-01-25 20:30:00,8,22,7.3,94,686.2
2025-01-25 20:30:00,9,22,8.1,88,712.8
2025-01-25 20:30:00,10,22,9.1,92,837.2
2025-01-25 20:30:00,11,22,7.2,100,720.0
2025-01-25 20:30:00,12,22,6.6,83,547.8
2025-01-25 20:30:00,13,22,5.5,93,511.5
2025-01-25 20:30:00,14,22,6.6,86,567.6
2025-01-25 20:30:00,15,22,8.1,92,745.2
2025-01-25 20:30:00,16,22,8.2,85,697.0
2025-01-25 20:30:00,17,22,7.9,86,679.4
2025-01-25 20:30:00,18,22,6.7,87,582.9
2025-01-25 20:30:00,19,22,8.4,86,722.4
2025-01-25 20:30:00,20,22,5.7,90,513.0
2025-01-27 10:00:00,1,23,4.3,103,442.9
2025-01-27 10:00:00,2,23,8.2,73,598.6
2025-01-27 10:00:00,3,23,5.7,89,507.3
2025-01-27 10:00:00,4,23,4.9,89,436.1
2025-01-27 10:00:00,5,23,5.0,89,445.0
2025-01-27 10:00:00,6,23,6.7,83,556.1
2025-01-27 10:00:00,7,23,4.9,81,396.9
2025-01-27 10:00:00,8,23,5.7,90,513.0
2025-01-27 10:00:00,9,23,8.2,101,828.2
2025-01-27 10:00:00,10,23,7.8,100,780.0
2025-01-27 10:00:00,11,23,6.2,115,713.0
2025-01-27 10:00:00,12,23,5.4,104,561.6
2025-01-27 10:00:00,13,23,4.1,117,479.7
2025-01-27 10:00:00,14,23,4.6,69,317.4
2025-01-27 10:00:00,15,23,7.0,76,532.0
2025-01-27 10:00:00,16,23,4.5,103,463.5
2025-01-27 10:00:00,17,23,4.4,97,426.8
2025-01-27 10:00:00,18,23,4.7,99,465.3
2025-01-27 10:00:00,19,23,4.5,75,337.5
2025-01-27 10:00:00,20,23,5.6,85,476.0
2025-01-28 10:00:00,1,24,2.7,101,272.7
2025-01-28 10:00:00,2,24,3.8,86,326.8
2025-01-28 10:00:00,3,24,3.9,99,386.1
2025-01-28 10:00:00,4,24,5.8,106,614.8
2025-01-28 10:00:00,5,24,6.9,97,669.3
2025-01-28 10:00:00,6,24,5.6,92,515.2
2025-01-28 10:00:00,7,24,6.2,105,651.0
2025-01-28 10:00:00,8,24,7.1,77,546.7
2025-01-28 10:00:00,9,24,7.3,96,700.8
2025-01-28 10:00:00,10,24,6.5,73,474.5
2025-01-28 10:00:00,11,24,5.2,89,462.8
2025-01-28 10:00:00,12,24,6.5,78,507.0
2025-01-28 10:00:00,13,24,3.6,94,338.4
2025-01-28 10:00:00,14,24,4.7,79,371.3
2025-01-28 10:00:00,15,24,5.4,89,480.6
2025-01-28 10:00:00,16,24,4.9,85,416.5
2025-01-28 10:00:00,17,24,5.0,84,420.0
2025-01-28 10:00:00,18,24,5.1,95,484.5
2025-01-28 10:00:00,19,24,3.3,89,293.7
2025-01-28 10:00:00,20,24,7.4,85,629.0
2025-01-29 10:00:00,1,25,2.5,86,215.0
2025-01-29 10:00:00,2,25,4.9,69,338.1
2025-01-29 10:00:00,3,25,4.3,64,275.2
2025-01-29 10:00:00,4,25,8.5,114,969.0
2025-01-29 10:00:00,5,25,3.8,93,353.4
2025-01-29 10:00:00,6,25,4.8,103,494.4
2025-01-29 10:00:00,7,25,5.5,108,594.0
2025-01-29 10:00:00,8,25,6.0,85,510.0
2025-01-29 10:00:00,9,25,6.5,60,390.0
2025-01-29 10:00:00,10,25,5.8,87,504.6
2025-01-29 10:00:00,11,25,5.3,82,434.6
2025-01-29 10:00:00,12,25,5.1,96,489.6
2025-01-29 10:00:00,13,25,6.8,60,408.0
2025-01-29 10:00:00,14,25,3.9,95,370.5
2025-01-29 10:00:00,15,25,7.1,82,582.2
2025-01-29 10:00:00,16,25,5.6,100,560.0
2025-01-29 10:00:00,17,25,6.0,91,546.0
2025-01-29 10:00:00,18,25,5.8,93,539.4
2025-01-29 10:00:00,19,25,7.4,103,762.2
2025-01-29 10:00:00,20,25,3.8,87,330.6
2025-01-30 10:00:00,1,26,3.4,105,357.0
2025-01-30 10:00:00,2,26,5.0,60,300.0
2025-01-30 10:00:00,3,26,7.1,76,539.6
2025-01-30 10:00:00,4,26,7.0,86,602.0
2025-01-30 10:00:00,5,26,4.2,108,453.6
2025-01-30 10:00:00,6,26,3.0,89,267.0
2025-01-30 10:00:00,7,26,8.3,104,863.2
2025-01-30 10:00:00,8,26,6.3,109,686.7
2025-01-30 10:00:00,9,26,6.1,65,396.5
2025-01-30 10:00:00,10,26,5.5,91,500.5
2025-01-30 10:00:00,11,26,5.3,76,402.8
2025-01-30 10:00:00,12,26,3.1,77,238.7
2025-01-30 10:00:00,13,26,2.4,106,254.4
2025-01-30 10:00:00,14,26,4.5,110,495.0
2025-01-30 10:00:00,15,26,2.3,83,190.9
2025-01-30 10:00:00,16,26,3.5,84,294.0
2025-01-30 10:00:00,17,26,4.9,97,475.3
2025-01-30 10:00:00,18,26,4.5,87,391.5
2025-01-30 10:00:00,19,26,6.0,81,486.0
2025-01-30 10:00:00,20,26,5.0,108,540.0
2025-01-31 10:00:00,1,27,3.0,86,258.0
2025-01-31 10:00:00,2,27,3.7,84,310.8
2025-01-31 10:00:00,3,27,5.3,116,614.8
2025-01-31 10:00:00,4,27,5.5,114,627.0
2025-01-31 10:00:00,5,27,5.2,108,561.6
2025-01-31 10:00:00,6,27,5.1,108,550.8
2025-01-31 10:00:00,7,27,6.2,63,390.6
2025-01-31 10:00:00,8,27,7.0,99,693.0
2025-01-31 10:00:00,9,27,7.1,79,560.9
2025-01-31 10:00:00,10,27,4.5,99,445.5
2025-01-31 10:00:00,11,27,4.1,96,393.6
2025-01-31 10:00:00,12,27,5.1,81,413.1
2025-01-31 10:00:00,13,27,4.8,91,436.8
2025-01-31 10:00:00,14,27,5.3,97,514.1
2025-01-31 10:00:00,15,27,2.8,89,249.2
2025-01-31 10:00:00,16,27,6.1,97,591.7
2025-01-31 10:00:00,17,27,4.8,88,422.4
2025-01-31 10:00:00,18,27,3.9,66,257.4
2025-01-31 10:00:00,19,27,6.1,83,506.3
2025-01-31 10:00:00,20,27,4.6,84,386.4
